-- phpMyAdmin SQL Dump
-- version 4.7.4
-- https://www.phpmyadmin.net/
--
-- Host: 127.0.0.1
-- Generation Time: Jul 12, 2018 at 07:02 PM
-- Server version: 10.1.26-MariaDB
-- PHP Version: 7.1.9

SET SQL_MODE = "NO_AUTO_VALUE_ON_ZERO";
SET AUTOCOMMIT = 0;
START TRANSACTION;
SET time_zone = "+00:00";


/*!40101 SET @OLD_CHARACTER_SET_CLIENT=@@CHARACTER_SET_CLIENT */;
/*!40101 SET @OLD_CHARACTER_SET_RESULTS=@@CHARACTER_SET_RESULTS */;
/*!40101 SET @OLD_COLLATION_CONNECTION=@@COLLATION_CONNECTION */;
/*!40101 SET NAMES utf8mb4 */;

--
-- Database: `thalamus`
--

-- --------------------------------------------------------

--
-- Table structure for table `asuransi`
--

CREATE TABLE `asuransi` (
  `id` int(11) NOT NULL,
  `nama_asuransi` varchar(255) NOT NULL,
  `keterangan` varchar(255) NOT NULL,
  `hapus` tinyint(4) NOT NULL,
  `created_at` timestamp NULL DEFAULT NULL,
  `updated_at` timestamp NULL DEFAULT NULL
) ENGINE=InnoDB DEFAULT CHARSET=utf8;

--
-- Dumping data for table `asuransi`
--

INSERT INTO `asuransi` (`id`, `nama_asuransi`, `keterangan`, `hapus`, `created_at`, `updated_at`) VALUES
(1, 'BPJS Kesehatan', 'Tidak melayani penyakit Intoksikasi Metanol, akibat Narkoba, Operasi berkaitan dengan Estetika.', 0, '2018-06-06 09:14:10', '2018-06-23 22:32:21'),
(2, 'Prudential Life Assurance', 'Tidak melayani penyakit Intoksikasi Metanol, akibat Narkoba, Operasi berkaitan dengan Estetika.', 0, '2018-06-06 09:14:55', '2018-06-06 09:14:59'),
(3, 'Allianz Life', 'Tidak melayani penyakit Intoksikasi Metanol, akibat Narkoba, Operasi berkaitan dengan Estetika.', 0, '2018-06-08 15:22:24', '2018-06-08 15:22:27'),
(4, 'AXA Life', 'Tidak melayani penyakit Intoksikasi Metanol, akibat Narkoba, Operasi berkaitan dengan Estetika.', 0, '2018-06-08 15:22:30', '2018-06-23 05:55:30'),
(5, 'Tidak Menerima Asuransi', 'Tidak Menerima Asuransi', 0, '2018-06-23 21:12:11', '2018-06-23 22:32:49');

-- --------------------------------------------------------

--
-- Table structure for table `dokter`
--

CREATE TABLE `dokter` (
  `id` int(11) NOT NULL,
  `nama_dokter` varchar(255) NOT NULL,
  `hapus` tinyint(4) NOT NULL,
  `created_at` timestamp NULL DEFAULT NULL,
  `updated_at` timestamp NULL DEFAULT NULL,
  `faskes_id` int(11) NOT NULL
) ENGINE=InnoDB DEFAULT CHARSET=utf8;

--
-- Dumping data for table `dokter`
--

INSERT INTO `dokter` (`id`, `nama_dokter`, `hapus`, `created_at`, `updated_at`, `faskes_id`) VALUES
(1, 'Dr. drg. Retno Pudji Rahayu, M.Kes.', 0, '2018-06-07 23:01:08', '2018-06-07 23:01:08', 1),
(2, 'dr. Bitra Daniswara', 0, '2018-06-07 23:01:30', '2018-06-07 23:01:30', 1),
(3, 'dr. Tiara Anggraini', 0, '2018-06-07 23:01:57', '2018-06-07 23:01:57', 1),
(4, 'drg. Hendi Tri Medianto', 0, '2018-06-07 23:02:14', '2018-06-07 23:02:14', 1),
(5, 'drg. Eric Yuwana Wijaya, Sp.Perio.', 0, '2018-06-07 23:02:49', '2018-06-07 23:02:49', 1),
(6, 'dr. Evy Ervianti', 0, '2018-06-08 09:19:23', '2018-06-09 22:49:33', 3),
(7, 'Endang M.Adji', 0, '2018-06-09 23:03:17', '2018-06-09 23:55:31', 4),
(8, 'Tidak Memiliki Dokter', 0, '2018-06-23 01:38:47', '2018-06-23 01:38:47', 2),
(9, 'drg. Rian Adiyati', 0, '2018-06-23 06:06:14', '2018-06-23 06:06:14', 8),
(10, 'drg. Darmawan', 0, '2018-06-23 06:06:28', '2018-06-23 06:06:28', 8),
(11, 'dr. Donna Imanuel Victoria Patty', 0, '2018-06-23 22:35:30', '2018-06-23 22:35:30', 6),
(12, 'dr. Santi Desvitasari', 0, '2018-06-23 22:35:37', '2018-06-23 22:35:37', 6),
(13, 'dr. Bagus Widjanarko, MARS', 0, '2018-06-24 07:17:57', '2018-06-24 07:17:57', 5),
(14, 'dr. Bakti Surarso, Sp, THT-KL', 0, '2018-06-24 07:19:20', '2018-06-24 07:19:20', 5),
(15, 'dr. A mangindari, Sp.PD', 0, '2018-06-24 07:20:44', '2018-06-24 07:20:44', 5),
(16, 'dr. Sjafril Vika Permana Sp.OG', 0, '2018-06-24 07:40:53', '2018-06-24 07:40:53', 7),
(17, 'dr. Bambang Kusnardi Sp.S', 0, '2018-06-24 07:42:02', '2018-06-24 07:42:02', 7),
(18, 'dr. Mohammad Agus Toha Sp.PD', 0, '2018-06-24 07:42:59', '2018-06-24 07:42:59', 7),
(19, 'dr. Haryo Wahyudi, SpM(K)', 0, '2018-06-24 08:07:41', '2018-06-24 08:07:41', 10),
(20, 'dr. Bernadetta Martini', 0, '2018-06-24 08:21:45', '2018-06-24 08:21:45', 9);

-- --------------------------------------------------------

--
-- Table structure for table `faskes`
--

CREATE TABLE `faskes` (
  `id` int(11) NOT NULL,
  `nama_tempat` varchar(255) NOT NULL,
  `alamat` varchar(255) NOT NULL,
  `deskripsi` text NOT NULL,
  `telepon` varchar(12) NOT NULL,
  `jam_buka` time NOT NULL,
  `jam_tutup` time NOT NULL,
  `hari_buka` varchar(100) NOT NULL,
  `hari_tutup` varchar(100) NOT NULL,
  `latitude` varchar(255) NOT NULL,
  `longitude` varchar(255) NOT NULL,
  `hapus` tinyint(4) NOT NULL,
  `created_at` timestamp NULL DEFAULT NULL,
  `updated_at` timestamp NULL DEFAULT NULL,
  `users_id` int(11) NOT NULL
) ENGINE=InnoDB DEFAULT CHARSET=utf8;

--
-- Dumping data for table `faskes`
--

INSERT INTO `faskes` (`id`, `nama_tempat`, `alamat`, `deskripsi`, `telepon`, `jam_buka`, `jam_tutup`, `hari_buka`, `hari_tutup`, `latitude`, `longitude`, `hapus`, `created_at`, `updated_at`, `users_id`) VALUES
(1, 'Klinik Medis UBAYA', 'Jl. Tenggilis Mejoyo AN No.20, Kalirungkut, Rungkut.', 'Klinik Medis disediakan gratis khusus untuk mahasiswa dan staff Universitas Surabaya.', '03199852249', '08:00:00', '16:00:00', 'Senin', 'Sabtu', '-7.3195452912436565', '112.76693969940436', 0, '2018-06-07 22:59:47', '2018-07-08 02:44:14', 3),
(2, 'Apotek UBAYA', 'Jl. Tenggilis Mejoyo AN No.20, Kalirungkut, Rungkut.', 'Apotek menjual berbagai macam obat, serta gratis untuk mahasiswa dan staff Universitas Surabaya.', '03199852249', '08:00:00', '16:00:00', 'Senin', 'Sabtu', '-7.319347428191185', '112.76699263953674', 0, '2018-06-08 00:24:24', '2018-07-08 02:44:38', 3),
(3, 'dr. Evy Ervianti', 'Jl. Rungkut Mejoyo Selatan No.1, Kali Rungkut, Rungkut.', 'Membuka praktik dokter spesialis untuk kulit dan kelamin.', '0318433917', '18:30:00', '20:30:00', 'Senin', 'Jumat', '-7.321089282907473', '112.76231178188107', 0, '2018-06-08 08:45:34', '2018-07-08 02:44:57', 1),
(4, 'Bidan Delima Ny. Endang M.Adji', 'Jl. Rungkut Mejoyo Selatan VI No.12, Kali Rungkut, Rungkut.', 'Melayani persalinan serta dapat cek kehamilan.', '0318474991', '06:00:00', '22:00:00', 'Senin', 'Minggu', '-7.3235254438499275', '112.76178637807811', 0, '2018-06-08 12:37:48', '2018-07-08 02:45:17', 1),
(5, 'Laboratorium Optima', 'Jl. Raya Rungkut Mapan Blok FA No.7, Rungkut Tengah, Gn. Anyar.', 'Melayani berbagai macam penyakit dengan menyediakan dokter yang berkompeten di bidangnya.', '0318720733', '08:00:00', '12:00:00', 'Senin', 'Minggu', '-7.33268401356713', '112.77521443471574', 0, '2018-06-22 07:30:17', '2018-07-08 02:45:49', 1),
(6, 'Apotek Viva Generik', 'Jl. Tenggilis Kauman No.25, Tenggilis Mejoyo.', 'Menjual berbagai macam obat, baik yang menggunakan resep dokter maupun tidak.', '0318432015', '08:00:00', '21:00:00', 'Senin', 'Minggu', '-7.318563782020875', '112.75845538011663', 0, '2018-06-22 07:35:20', '2018-07-08 02:46:07', 4),
(7, 'Rumah Sakit Royal Surabaya', 'Jl. Rungkut Industri I No.1, Kendangsari, Tenggilis Mejoyo.', 'Melayani berbagai macam penyakit dengan menyediakan dokter yang berkompeten di bidangnya. Serta pelayanan dan konsultasi langsung diberikan oleh dokter spesialis.', '0318476111', '01:00:00', '12:00:00', 'Senin', 'Minggu', '-7.328902499999999', '112.7508631', 0, '2018-06-22 07:47:53', '2018-07-08 02:32:58', 1),
(8, 'Darmawan Dental Cafe', 'Jl. Rungkut Asri Utara II No.4, Kali Rungkut, Rungkut.', 'Melayani berbagai macam treatment pada gigi.', '081231166606', '09:00:00', '22:00:00', 'Senin', 'Sabtu', '-7.323498770204234', '112.77120935780863', 0, '2018-06-23 06:01:40', '2018-07-08 02:46:57', 1),
(9, 'Puskesmas Kalirungkut', 'Rungkut Puskesmas No.1, Kali Rungkut, Rungkut.', 'Melayani berbagai macam penyakit dengan menyediakan dokter yang berkompeten di bidangnya.', '0318700668', '07:30:00', '17:00:00', 'Senin', 'Sabtu', '-7.322392120175524', '112.77072495197172', 0, '2018-06-23 22:50:02', '2018-07-08 02:47:15', 1),
(10, 'Klinik Mata dr. Haryo', 'Asri Utara XIII Blok RL II J No.26 Rungkut, Kali Rungkut, Rungkut.', 'Melayani berbagai macam penyakit mata.', '082231198000', '18:00:00', '21:00:00', 'Senin', 'Sabtu', '-7.323694089317358', '112.77545577475075', 0, '2018-06-24 00:03:02', '2018-07-08 02:47:32', 1);

-- --------------------------------------------------------

--
-- Table structure for table `faskes_has_asuransi`
--

CREATE TABLE `faskes_has_asuransi` (
  `faskes_id` int(11) NOT NULL,
  `asuransi_id` int(11) NOT NULL,
  `created_at` timestamp NULL DEFAULT NULL,
  `updated_at` timestamp NULL DEFAULT NULL
) ENGINE=InnoDB DEFAULT CHARSET=utf8;

--
-- Dumping data for table `faskes_has_asuransi`
--

INSERT INTO `faskes_has_asuransi` (`faskes_id`, `asuransi_id`, `created_at`, `updated_at`) VALUES
(1, 1, '2018-07-08 02:59:40', '2018-07-08 02:59:40'),
(2, 5, '2018-07-08 03:01:18', '2018-07-08 03:01:18'),
(3, 5, '2018-07-08 03:45:55', '2018-07-08 03:45:55'),
(4, 1, '2018-07-08 03:46:36', '2018-07-08 03:46:36'),
(5, 1, '2018-07-08 03:47:33', '2018-07-08 03:47:33'),
(6, 5, '2018-07-08 04:01:12', '2018-07-08 04:01:12'),
(7, 1, '2018-07-08 04:04:04', '2018-07-08 04:04:04'),
(7, 4, '2018-07-08 04:04:04', '2018-07-08 04:04:04'),
(8, 1, '2018-07-08 04:07:37', '2018-07-08 04:07:37'),
(9, 1, '2018-07-08 04:08:04', '2018-07-08 04:08:04'),
(10, 1, '2018-07-08 04:09:12', '2018-07-08 04:09:12');

-- --------------------------------------------------------

--
-- Table structure for table `faskes_has_layanan`
--

CREATE TABLE `faskes_has_layanan` (
  `faskes_id` int(11) NOT NULL,
  `layanan_id` int(11) NOT NULL,
  `created_at` timestamp NULL DEFAULT NULL,
  `updated_at` timestamp NULL DEFAULT NULL
) ENGINE=InnoDB DEFAULT CHARSET=utf8;

--
-- Dumping data for table `faskes_has_layanan`
--

INSERT INTO `faskes_has_layanan` (`faskes_id`, `layanan_id`, `created_at`, `updated_at`) VALUES
(1, 1, '2018-07-08 02:49:44', '2018-07-08 02:49:44'),
(1, 2, '2018-07-08 02:49:44', '2018-07-08 02:49:44'),
(2, 16, '2018-07-08 02:51:12', '2018-07-08 02:51:12'),
(3, 4, '2018-07-08 03:08:57', '2018-07-08 03:08:57'),
(3, 5, '2018-07-08 03:08:57', '2018-07-08 03:08:57'),
(4, 6, '2018-07-08 03:21:38', '2018-07-08 03:21:38'),
(4, 7, '2018-07-08 03:21:38', '2018-07-08 03:21:38'),
(4, 8, '2018-07-08 03:21:38', '2018-07-08 03:21:38'),
(4, 9, '2018-07-08 03:21:38', '2018-07-08 03:21:38'),
(4, 10, '2018-07-08 03:21:38', '2018-07-08 03:21:38'),
(4, 11, '2018-07-08 03:21:38', '2018-07-08 03:21:38'),
(5, 3, '2018-07-08 03:26:44', '2018-07-08 03:26:44'),
(5, 17, '2018-07-08 03:26:44', '2018-07-08 03:26:44'),
(5, 18, '2018-07-08 03:26:44', '2018-07-08 03:26:44'),
(5, 19, '2018-07-08 03:26:44', '2018-07-08 03:26:44'),
(6, 1, '2018-07-08 03:30:54', '2018-07-08 03:30:54'),
(7, 3, '2018-07-08 03:33:41', '2018-07-08 03:33:41'),
(7, 4, '2018-07-08 03:33:41', '2018-07-08 03:33:41'),
(7, 5, '2018-07-08 03:33:41', '2018-07-08 03:33:41'),
(7, 17, '2018-07-08 03:33:41', '2018-07-08 03:33:41'),
(7, 18, '2018-07-08 03:33:41', '2018-07-08 03:33:41'),
(7, 19, '2018-07-08 03:33:41', '2018-07-08 03:33:41'),
(8, 13, '2018-07-08 03:38:59', '2018-07-08 03:38:59'),
(8, 14, '2018-07-08 03:38:59', '2018-07-08 03:38:59'),
(8, 15, '2018-07-08 03:38:59', '2018-07-08 03:38:59'),
(9, 1, '2018-07-08 03:40:47', '2018-07-08 03:40:47'),
(9, 2, '2018-07-08 03:40:47', '2018-07-08 03:40:47'),
(9, 21, '2018-07-08 03:40:47', '2018-07-08 03:40:47'),
(10, 20, '2018-07-08 03:42:57', '2018-07-08 03:42:57');

-- --------------------------------------------------------

--
-- Table structure for table `faskes_has_penyakit_has_dokter`
--

CREATE TABLE `faskes_has_penyakit_has_dokter` (
  `faskes_id` int(11) NOT NULL,
  `penyakit_id` int(11) NOT NULL,
  `dokter_id` int(11) NOT NULL,
  `created_at` timestamp NULL DEFAULT NULL,
  `updated_at` timestamp NULL DEFAULT NULL
) ENGINE=InnoDB DEFAULT CHARSET=utf8;

--
-- Dumping data for table `faskes_has_penyakit_has_dokter`
--

INSERT INTO `faskes_has_penyakit_has_dokter` (`faskes_id`, `penyakit_id`, `dokter_id`, `created_at`, `updated_at`) VALUES
(1, 2, 1, '2018-06-23 01:10:09', '2018-06-23 01:10:09'),
(1, 2, 4, '2018-06-23 01:11:00', '2018-06-23 01:11:00'),
(1, 2, 5, '2018-06-23 01:10:38', '2018-06-23 01:10:38'),
(1, 3, 1, '2018-06-23 01:10:09', '2018-06-23 01:10:09'),
(1, 3, 4, '2018-06-23 01:11:00', '2018-06-23 01:11:00'),
(1, 3, 5, '2018-06-23 01:10:38', '2018-06-23 01:10:38'),
(1, 4, 1, '2018-06-23 01:10:09', '2018-06-23 01:10:09'),
(1, 4, 5, '2018-06-23 01:10:38', '2018-06-23 01:10:38'),
(1, 5, 2, '2018-06-23 01:31:22', '2018-06-23 01:31:22'),
(1, 5, 3, '2018-06-23 01:31:36', '2018-06-23 01:31:36'),
(1, 6, 2, '2018-06-23 01:31:22', '2018-06-23 01:31:22'),
(1, 6, 3, '2018-06-23 01:31:36', '2018-06-23 01:31:36'),
(1, 7, 2, '2018-06-23 01:31:22', '2018-06-23 01:31:22'),
(2, 10, 8, '2018-06-23 01:39:37', '2018-06-23 01:39:37'),
(3, 8, 6, '2018-06-24 06:30:59', '2018-06-24 06:30:59'),
(3, 9, 6, '2018-06-24 06:30:59', '2018-06-24 06:30:59'),
(3, 17, 6, '2018-06-24 06:30:59', '2018-06-24 06:30:59'),
(3, 18, 6, '2018-06-24 06:30:59', '2018-06-24 06:30:59'),
(3, 19, 6, '2018-06-24 06:30:59', '2018-06-24 06:30:59'),
(4, 1, 7, '2018-06-11 09:20:45', '2018-06-11 09:20:45'),
(5, 10, 13, '2018-06-24 07:18:15', '2018-06-24 07:18:15'),
(5, 10, 14, '2018-06-24 07:19:37', '2018-06-24 07:19:37'),
(5, 16, 15, '2018-06-24 07:20:53', '2018-06-24 07:20:53'),
(6, 14, 11, '2018-06-23 22:36:46', '2018-06-23 22:36:46'),
(6, 15, 11, '2018-06-23 22:36:46', '2018-06-23 22:36:46'),
(6, 16, 12, '2018-06-23 22:37:49', '2018-06-23 22:37:49'),
(7, 1, 16, '2018-06-24 07:41:21', '2018-06-24 07:41:21'),
(7, 10, 17, '2018-06-24 07:42:09', '2018-06-24 07:42:09'),
(7, 10, 18, '2018-06-24 07:43:07', '2018-06-24 07:43:07'),
(8, 2, 9, '2018-06-23 06:08:20', '2018-06-23 06:08:20'),
(8, 2, 10, '2018-06-23 06:09:44', '2018-06-23 06:09:44'),
(8, 3, 10, '2018-06-23 06:09:44', '2018-06-23 06:09:44'),
(8, 4, 9, '2018-06-23 06:08:20', '2018-06-23 06:08:20'),
(8, 11, 9, '2018-06-23 06:08:20', '2018-06-23 06:08:20'),
(8, 11, 10, '2018-06-23 06:09:44', '2018-06-23 06:09:44'),
(8, 12, 9, '2018-06-23 06:08:20', '2018-06-23 06:08:20'),
(8, 12, 10, '2018-06-23 06:09:44', '2018-06-23 06:09:44'),
(8, 13, 9, '2018-06-23 06:08:20', '2018-06-23 06:08:20'),
(8, 13, 10, '2018-06-23 06:09:44', '2018-06-23 06:09:44'),
(9, 10, 20, '2018-06-24 08:21:53', '2018-06-24 08:21:53'),
(10, 5, 19, '2018-06-24 08:08:02', '2018-06-24 08:08:02');

-- --------------------------------------------------------

--
-- Table structure for table `faskes_has_peralatan`
--

CREATE TABLE `faskes_has_peralatan` (
  `faskes_id` int(11) NOT NULL,
  `peralatan_id` int(11) NOT NULL,
  `keterangan` varchar(255) NOT NULL,
  `created_at` timestamp NULL DEFAULT NULL,
  `updated_at` timestamp NULL DEFAULT NULL
) ENGINE=InnoDB DEFAULT CHARSET=utf8;

--
-- Dumping data for table `faskes_has_peralatan`
--

INSERT INTO `faskes_has_peralatan` (`faskes_id`, `peralatan_id`, `keterangan`, `created_at`, `updated_at`) VALUES
(1, 7, 'Peralatan medis pada klinik yang sesuai dengan standar operasional prosedur.', '2018-07-08 03:05:17', '2018-07-08 03:05:17'),
(2, 3, 'Tensimeter adalah alat pengukuran tekanan darah sering juga disebut sphygmomanometer.', '2018-07-08 03:06:29', '2018-07-08 03:06:29'),
(3, 10, 'Mikrodermabrasi adalah tindakan sejenis pengelupasan (exfoliation) yang menggunakan kristal-kristal mikro untuk menghilangkan sel-sel kulit mati dan merangsang produksi sel kulit baru.', '2018-07-08 04:11:54', '2018-07-08 04:11:54'),
(4, 1, 'Inkubator adalah alat biomedis yang memberikan kehangatan, kelembaban dan oksigen dimana seluruh lingkungannya terkontrol dan diperlukan oleh bayi yang baru lahir.', '2018-07-08 04:12:58', '2018-07-08 04:12:58'),
(4, 2, 'Fetoskop adalah alat yang sangat khusus yang biasanya hanya dimiliki oleh seorang bidan atau dokter kandungan. Alat ini berfungsi untuk mendengarkan atau memantau detak jantung janin yang masih berada didalam rahim.', '2018-07-08 04:14:11', '2018-07-08 04:14:11'),
(4, 3, 'Tensimeter adalah alat pengukuran tekanan darah sering juga disebut sphygmomanometer.', '2018-07-08 04:16:42', '2018-07-08 04:16:42'),
(4, 4, 'Termometer adalah alat yang digunakan untuk mengukur suhu, ataupun perubahan suhu.', '2018-07-08 04:17:14', '2018-07-08 04:17:14'),
(4, 5, 'Doppler adalah alat untuk deteksi detak jantung janin di dalam kandungan sang ibu. Gunanya untuk memeriksa apakah sang janin tumbuh dengan normal, dengan ditandai adanya denyut jantungnya.', '2018-07-08 04:18:15', '2018-07-08 04:18:15'),
(5, 7, 'Peralatan medis pada klinik yang sesuai dengan standar operasional prosedur.', '2018-07-08 04:18:45', '2018-07-08 04:18:45'),
(5, 8, 'Dental unit adalah suatu alat yang dipakai oleh dokter gigi untuk membantu pemeriksaan dan kemudian menentukan terapi apa yang dapat diberikan kepada pasien.', '2018-07-08 04:19:14', '2018-07-08 04:19:14'),
(6, 7, 'Peralatan medis pada klinik yang sesuai dengan standar operasional prosedur.', '2018-07-08 04:22:44', '2018-07-08 04:22:44'),
(7, 1, 'Inkubator adalah alat biomedis yang memberikan kehangatan, kelembaban dan oksigen dimana seluruh lingkungannya terkontrol dan diperlukan oleh bayi yang baru lahir.', '2018-07-08 04:23:49', '2018-07-08 04:23:49'),
(7, 8, 'Dental unit adalah suatu alat yang dipakai oleh dokter gigi untuk membantu pemeriksaan dan kemudian menentukan terapi apa yang dapat diberikan kepada pasien.', '2018-07-08 04:24:22', '2018-07-08 04:24:22'),
(7, 10, 'Mikrodermabrasi adalah tindakan sejenis pengelupasan (exfoliation) yang menggunakan kristal-kristal mikro untuk menghilangkan sel-sel kulit mati dan merangsang produksi sel kulit baru.', '2018-07-08 04:24:52', '2018-07-08 04:24:52'),
(8, 8, 'Dental unit adalah suatu alat yang dipakai oleh dokter gigi untuk membantu pemeriksaan dan kemudian menentukan terapi apa yang dapat diberikan kepada pasien.', '2018-07-08 04:25:24', '2018-07-08 04:25:24'),
(9, 7, 'Peralatan medis pada klinik yang sesuai dengan standar operasional prosedur.', '2018-07-08 04:26:07', '2018-07-08 04:26:07'),
(10, 11, 'Oftalmoskop adalah suatu alat yang dipakai untuk memeriksa bagian dalam mata.', '2018-07-08 04:26:31', '2018-07-08 04:26:31'),
(10, 12, 'Keratometer adalah alat tes mata digunakan dalam optalmologi dan optometri untuk mengukur kelengkungan dan refleksi dari permukaan anterior kornea.', '2018-07-08 04:27:06', '2018-07-08 04:27:06');

-- --------------------------------------------------------

--
-- Table structure for table `layanan`
--

CREATE TABLE `layanan` (
  `id` int(11) NOT NULL,
  `nama_layanan` varchar(255) NOT NULL,
  `hapus` tinyint(4) NOT NULL,
  `created_at` timestamp NULL DEFAULT NULL,
  `updated_at` timestamp NULL DEFAULT NULL
) ENGINE=InnoDB DEFAULT CHARSET=utf8;

--
-- Dumping data for table `layanan`
--

INSERT INTO `layanan` (`id`, `nama_layanan`, `hapus`, `created_at`, `updated_at`) VALUES
(1, 'Dokter Umum', 0, '2018-06-08 13:45:38', '2018-06-09 07:52:13'),
(2, 'Dokter Gigi', 0, '2018-06-08 13:45:54', '2018-06-08 13:45:54'),
(3, 'Spesialis Gigi', 0, '2018-06-08 14:10:53', '2018-06-08 14:10:53'),
(4, 'Spesialis Kulit', 0, '2018-06-08 14:11:38', '2018-06-08 14:11:38'),
(5, 'Spesialis Kelamin', 0, '2018-06-08 14:11:56', '2018-06-08 23:56:14'),
(6, 'Persalinan', 0, '2018-06-08 14:12:22', '2018-06-08 14:12:22'),
(7, 'Periksa Kehamilan', 0, '2018-06-08 14:13:20', '2018-06-08 14:13:20'),
(8, 'Imunisasi Bayi', 0, '2018-06-10 06:43:17', '2018-06-10 06:43:17'),
(9, 'Imunisasi Ibu Hamil', 0, '2018-06-10 06:43:37', '2018-06-10 06:43:37'),
(10, 'Imunisasi Calon Pengantin', 0, '2018-06-10 06:43:55', '2018-06-10 06:43:55'),
(11, 'Tindik', 0, '2018-06-10 06:44:04', '2018-06-10 06:44:04'),
(12, 'Periksa Gizi', 0, '2018-06-11 16:02:45', '2018-06-11 16:02:48'),
(13, 'Implant Gigi', 0, '2018-06-23 06:03:25', '2018-06-23 06:03:25'),
(14, 'Pemutihan Gigi', 0, '2018-06-23 06:04:07', '2018-06-23 06:04:07'),
(15, 'Klinik Gigi Anak', 0, '2018-06-23 06:18:40', '2018-06-23 06:18:40'),
(16, 'Tidak Memiliki Layanan', 0, '2018-06-24 05:48:53', '2018-06-24 05:48:53'),
(17, 'Spesialis Penyakit Dalam', 0, '2018-06-24 06:44:48', '2018-06-24 06:44:48'),
(18, 'Spesialis Radiologi', 0, '2018-06-24 06:45:00', '2018-06-24 06:45:00'),
(19, 'Spesialis THT', 0, '2018-06-24 06:45:05', '2018-06-24 06:45:05'),
(20, 'Spesialis Mata', 0, '2018-06-24 08:06:23', '2018-06-24 08:06:23'),
(21, 'Laboratorium', 0, '2018-06-24 08:20:18', '2018-06-24 08:20:18');

-- --------------------------------------------------------

--
-- Table structure for table `model_has_permissions`
--

CREATE TABLE `model_has_permissions` (
  `permission_id` int(10) UNSIGNED NOT NULL,
  `model_id` int(10) UNSIGNED NOT NULL,
  `model_type` varchar(191) COLLATE utf8mb4_unicode_ci NOT NULL
) ENGINE=InnoDB DEFAULT CHARSET=utf8mb4 COLLATE=utf8mb4_unicode_ci;

-- --------------------------------------------------------

--
-- Table structure for table `model_has_roles`
--

CREATE TABLE `model_has_roles` (
  `role_id` int(10) UNSIGNED NOT NULL,
  `model_id` int(10) UNSIGNED NOT NULL,
  `model_type` varchar(191) COLLATE utf8mb4_unicode_ci NOT NULL
) ENGINE=InnoDB DEFAULT CHARSET=utf8mb4 COLLATE=utf8mb4_unicode_ci;

--
-- Dumping data for table `model_has_roles`
--

INSERT INTO `model_has_roles` (`role_id`, `model_id`, `model_type`) VALUES
(1, 1, 'App\\User'),
(1, 2, 'App\\User'),
(2, 3, 'App\\User'),
(2, 4, 'App\\User');

-- --------------------------------------------------------

--
-- Table structure for table `pencarian_tfidf`
--

CREATE TABLE `pencarian_tfidf` (
  `faskes_id` int(11) NOT NULL,
  `kata` varchar(255) NOT NULL,
  `jumlah` float NOT NULL,
  `created_at` timestamp NULL DEFAULT NULL,
  `updated_at` timestamp NULL DEFAULT NULL
) ENGINE=InnoDB DEFAULT CHARSET=utf8;

--
-- Dumping data for table `pencarian_tfidf`
--

INSERT INTO `pencarian_tfidf` (`faskes_id`, `kata`, `jumlah`, `created_at`, `updated_at`) VALUES
(1, 'klinik', 1.04576, '2018-07-08 02:14:25', '2018-07-08 04:27:14'),
(1, 'medis', 2, '2018-07-08 02:14:25', '2018-07-08 04:27:15'),
(1, 'ubaya', 0.69897, '2018-07-08 02:14:25', '2018-07-08 04:27:16'),
(1, 'jl', 0.09691, '2018-07-08 02:14:25', '2018-07-08 04:27:14'),
(1, 'tenggilis', 0.39794, '2018-07-08 02:14:25', '2018-07-08 04:27:15'),
(1, 'mejoyo', 0.221849, '2018-07-08 02:14:25', '2018-07-08 04:27:15'),
(1, 'an', 0.69897, '2018-07-08 02:14:25', '2018-07-08 04:27:13'),
(1, 'no', 0, '2018-07-08 02:14:25', '2018-07-08 04:27:15'),
(1, '20', 0.69897, '2018-07-08 02:14:25', '2018-07-08 04:27:16'),
(1, 'kalirungkut', 0.522879, '2018-07-08 02:14:25', '2018-07-08 04:27:14'),
(1, 'rungkut', 0.0457575, '2018-07-08 02:14:25', '2018-07-08 04:27:15'),
(1, 'sedia', 0.39794, '2018-07-08 02:14:25', '2018-07-08 04:27:15'),
(1, 'gratis', 0.69897, '2018-07-08 02:14:25', '2018-07-08 04:27:14'),
(1, 'khusus', 1, '2018-07-08 02:14:25', '2018-07-08 04:27:14'),
(1, 'untuk', 0.522879, '2018-07-08 02:14:25', '2018-07-08 04:27:16'),
(1, 'mahasiswa', 0.69897, '2018-07-08 02:14:25', '2018-07-08 04:27:15'),
(1, 'dan', 0.39794, '2018-07-08 02:14:25', '2018-07-08 04:27:13'),
(1, 'staff', 0.69897, '2018-07-08 02:14:25', '2018-07-08 04:27:15'),
(1, 'universitas', 0.69897, '2018-07-08 02:14:25', '2018-07-08 04:27:16'),
(1, 'surabaya', 0.522879, '2018-07-08 02:14:25', '2018-07-08 04:27:15'),
(2, 'apotek', 1.39794, '2018-07-08 02:24:01', '2018-07-08 04:27:13'),
(2, 'ubaya', 0.69897, '2018-07-08 02:24:01', '2018-07-08 04:27:16'),
(2, 'jl', 0.09691, '2018-07-08 02:24:01', '2018-07-08 04:27:14'),
(2, 'tenggilis', 0.39794, '2018-07-08 02:24:01', '2018-07-08 04:27:15'),
(2, 'mejoyo', 0.221849, '2018-07-08 02:24:01', '2018-07-08 04:27:15'),
(2, 'an', 0.69897, '2018-07-08 02:24:01', '2018-07-08 04:27:13'),
(2, 'no', 0, '2018-07-08 02:24:01', '2018-07-08 04:27:15'),
(2, '20', 0.69897, '2018-07-08 02:24:01', '2018-07-08 04:27:16'),
(2, 'kalirungkut', 0.522879, '2018-07-08 02:24:01', '2018-07-08 04:27:14'),
(2, 'rungkut', 0.0457575, '2018-07-08 02:24:01', '2018-07-08 04:27:15'),
(2, 'jual', 0.69897, '2018-07-08 02:24:01', '2018-07-08 04:27:14'),
(2, 'bagai', 0.154902, '2018-07-08 02:24:01', '2018-07-08 04:27:13'),
(2, 'macam', 0.154902, '2018-07-08 02:24:01', '2018-07-08 04:27:15'),
(2, 'obat', 0.69897, '2018-07-08 02:24:01', '2018-07-08 04:27:15'),
(2, 'serta', 0.522879, '2018-07-08 02:24:01', '2018-07-08 04:27:15'),
(2, 'gratis', 0.69897, '2018-07-08 02:24:01', '2018-07-08 04:27:14'),
(2, 'untuk', 0.522879, '2018-07-08 02:24:01', '2018-07-08 04:27:16'),
(2, 'mahasiswa', 0.69897, '2018-07-08 02:24:01', '2018-07-08 04:27:15'),
(2, 'dan', 0.39794, '2018-07-08 02:24:01', '2018-07-08 04:27:13'),
(2, 'staff', 0.69897, '2018-07-08 02:24:01', '2018-07-08 04:27:15'),
(2, 'universitas', 0.69897, '2018-07-08 02:24:01', '2018-07-08 04:27:16'),
(2, 'surabaya', 0.522879, '2018-07-08 02:24:01', '2018-07-08 04:27:15'),
(3, 'dr', 0.69897, '2018-07-08 02:32:18', '2018-07-08 04:27:14'),
(3, 'evy', 1, '2018-07-08 02:32:18', '2018-07-08 04:27:14'),
(3, 'ervianti', 1, '2018-07-08 02:32:18', '2018-07-08 04:27:14'),
(3, 'jl', 0.09691, '2018-07-08 02:32:18', '2018-07-08 04:27:14'),
(3, 'rungkut', 0.137272, '2018-07-08 02:32:18', '2018-07-08 04:27:15'),
(3, 'mejoyo', 0.221849, '2018-07-08 02:32:18', '2018-07-08 04:27:15'),
(3, 'selatan', 0.69897, '2018-07-08 02:32:18', '2018-07-08 04:27:15'),
(3, 'no', 0, '2018-07-08 02:32:18', '2018-07-08 04:27:15'),
(3, '1', 0.522879, '2018-07-08 02:32:18', '2018-07-08 04:27:16'),
(3, 'kali', 0.30103, '2018-07-08 02:32:18', '2018-07-08 04:27:14'),
(3, 'buka', 1, '2018-07-08 02:32:18', '2018-07-08 04:27:13'),
(3, 'praktik', 1, '2018-07-08 02:32:18', '2018-07-08 04:27:15'),
(3, 'dokter', 0.221849, '2018-07-08 02:32:18', '2018-07-08 04:27:14'),
(3, 'spesialis', 1.19382, '2018-07-08 02:32:18', '2018-07-08 04:27:15'),
(3, 'untuk', 0.522879, '2018-07-08 02:32:18', '2018-07-08 04:27:16'),
(3, 'kulit', 1.39794, '2018-07-08 02:32:18', '2018-07-08 04:27:14'),
(3, 'dan', 0.39794, '2018-07-08 02:32:18', '2018-07-08 04:27:13'),
(3, 'kelamin', 1.39794, '2018-07-08 02:32:18', '2018-07-08 04:27:14'),
(4, 'bidan', 1, '2018-07-08 02:32:33', '2018-07-08 04:27:13'),
(4, 'delima', 1, '2018-07-08 02:32:33', '2018-07-08 04:27:14'),
(4, 'ny', 1, '2018-07-08 02:32:33', '2018-07-08 04:27:15'),
(4, 'endang', 1, '2018-07-08 02:32:33', '2018-07-08 04:27:14'),
(4, 'm', 1, '2018-07-08 02:32:33', '2018-07-08 04:27:15'),
(4, 'adji', 1, '2018-07-08 02:32:33', '2018-07-08 04:27:13'),
(4, 'jl', 0.09691, '2018-07-08 02:32:33', '2018-07-08 04:27:14'),
(4, 'rungkut', 0.137272, '2018-07-08 02:32:33', '2018-07-08 04:27:15'),
(4, 'mejoyo', 0.221849, '2018-07-08 02:32:33', '2018-07-08 04:27:15'),
(4, 'selatan', 0.69897, '2018-07-08 02:32:33', '2018-07-08 04:27:15'),
(4, 'vi', 1, '2018-07-08 02:32:33', '2018-07-08 04:27:16'),
(4, 'no', 0, '2018-07-08 02:32:33', '2018-07-08 04:27:15'),
(4, '12', 1, '2018-07-08 02:32:33', '2018-07-08 04:27:16'),
(4, 'kali', 0.30103, '2018-07-08 02:32:33', '2018-07-08 04:27:14'),
(4, 'layan', 0.154902, '2018-07-08 02:32:33', '2018-07-08 04:27:14'),
(4, 'salin', 2, '2018-07-08 02:32:33', '2018-07-08 04:27:15'),
(4, 'serta', 0.522879, '2018-07-08 02:32:33', '2018-07-08 04:27:15'),
(4, 'dapat', 1, '2018-07-08 02:32:33', '2018-07-08 04:27:14'),
(4, 'cek', 1, '2018-07-08 02:32:33', '2018-07-08 04:27:13'),
(4, 'hamil', 3, '2018-07-08 02:32:33', '2018-07-08 04:27:14'),
(5, 'laboratorium', 0.69897, '2018-07-08 02:32:39', '2018-07-08 04:27:14'),
(5, 'optima', 1, '2018-07-08 02:32:39', '2018-07-08 04:27:15'),
(5, 'jl', 0.09691, '2018-07-08 02:32:39', '2018-07-08 04:27:14'),
(5, 'raya', 1, '2018-07-08 02:32:39', '2018-07-08 04:27:15'),
(5, 'rungkut', 0.091515, '2018-07-08 02:32:39', '2018-07-08 04:27:15'),
(5, 'mapan', 1, '2018-07-08 02:32:39', '2018-07-08 04:27:15'),
(5, 'blok', 0.69897, '2018-07-08 02:32:39', '2018-07-08 04:27:13'),
(5, 'fa', 1, '2018-07-08 02:32:39', '2018-07-08 04:27:14'),
(5, 'no', 0, '2018-07-08 02:32:39', '2018-07-08 04:27:15'),
(5, '7', 1, '2018-07-08 02:32:39', '2018-07-08 04:27:16'),
(5, 'tengah', 1, '2018-07-08 02:32:39', '2018-07-08 04:27:15'),
(5, 'gn', 1, '2018-07-08 02:32:39', '2018-07-08 04:27:14'),
(5, 'anyar', 1, '2018-07-08 02:32:39', '2018-07-08 04:27:13'),
(5, 'layan', 0.154902, '2018-07-08 02:32:39', '2018-07-08 04:27:14'),
(5, 'bagai', 0.154902, '2018-07-08 02:32:39', '2018-07-08 04:27:13'),
(5, 'macam', 0.154902, '2018-07-08 02:32:39', '2018-07-08 04:27:15'),
(5, 'sakit', 0.79588, '2018-07-08 02:32:39', '2018-07-08 04:27:15'),
(5, 'dengan', 0.522879, '2018-07-08 02:32:39', '2018-07-08 04:27:14'),
(5, 'sedia', 0.39794, '2018-07-08 02:32:39', '2018-07-08 04:27:15'),
(5, 'dokter', 0.221849, '2018-07-08 02:32:39', '2018-07-08 04:27:14'),
(5, 'yang', 0.39794, '2018-07-08 02:32:39', '2018-07-08 04:27:16'),
(5, 'kompeten', 0.522879, '2018-07-08 02:32:39', '2018-07-08 04:27:14'),
(5, 'di', 0.522879, '2018-07-08 02:32:39', '2018-07-08 04:27:14'),
(5, 'bidang', 0.522879, '2018-07-08 02:32:39', '2018-07-08 04:27:13'),
(6, 'apotek', 0.69897, '2018-07-08 02:32:45', '2018-07-08 04:27:13'),
(6, 'viva', 1, '2018-07-08 02:32:45', '2018-07-08 04:27:16'),
(6, 'generik', 1, '2018-07-08 02:32:45', '2018-07-08 04:27:14'),
(6, 'jl', 0.09691, '2018-07-08 02:32:45', '2018-07-08 04:27:14'),
(6, 'tenggilis', 0.79588, '2018-07-08 02:32:45', '2018-07-08 04:27:15'),
(6, 'kaum', 1, '2018-07-08 02:32:45', '2018-07-08 04:27:14'),
(6, 'no', 0, '2018-07-08 02:32:45', '2018-07-08 04:27:15'),
(6, '25', 1, '2018-07-08 02:32:45', '2018-07-08 04:27:16'),
(6, 'mejoyo', 0.221849, '2018-07-08 02:32:45', '2018-07-08 04:27:15'),
(6, 'jual', 0.69897, '2018-07-08 02:32:45', '2018-07-08 04:27:14'),
(6, 'bagai', 0.154902, '2018-07-08 02:32:45', '2018-07-08 04:27:13'),
(6, 'macam', 0.154902, '2018-07-08 02:32:45', '2018-07-08 04:27:15'),
(6, 'obat', 0.69897, '2018-07-08 02:32:45', '2018-07-08 04:27:15'),
(6, 'baik', 1, '2018-07-08 02:32:45', '2018-07-08 04:27:13'),
(6, 'yang', 0.39794, '2018-07-08 02:32:45', '2018-07-08 04:27:16'),
(6, 'guna', 1, '2018-07-08 02:32:45', '2018-07-08 04:27:14'),
(6, 'resep', 1, '2018-07-08 02:32:45', '2018-07-08 04:27:15'),
(6, 'dokter', 0.443698, '2018-07-08 02:32:45', '2018-07-08 04:27:14'),
(6, 'maupun', 1, '2018-07-08 02:32:45', '2018-07-08 04:27:15'),
(6, 'tidak', 1.04576, '2018-07-08 02:32:45', '2018-07-08 04:27:16'),
(7, 'rumah', 1, '2018-07-08 02:32:58', '2018-07-08 04:27:15'),
(7, 'sakit', 1.19382, '2018-07-08 02:32:58', '2018-07-08 04:27:15'),
(7, 'royal', 1, '2018-07-08 02:32:58', '2018-07-08 04:27:15'),
(7, 'surabaya', 0.522879, '2018-07-08 02:32:58', '2018-07-08 04:27:15'),
(7, 'jl', 0.09691, '2018-07-08 02:32:58', '2018-07-08 04:27:14'),
(7, 'rungkut', 0.0457575, '2018-07-08 02:32:58', '2018-07-08 04:27:15'),
(7, 'industri', 1, '2018-07-08 02:32:58', '2018-07-08 04:27:14'),
(7, 'i', 1, '2018-07-08 02:32:58', '2018-07-08 04:27:14'),
(7, 'no', 0, '2018-07-08 02:32:58', '2018-07-08 04:27:15'),
(7, '1', 0.522879, '2018-07-08 02:32:58', '2018-07-08 04:27:16'),
(7, 'kendangsari', 1, '2018-07-08 02:32:58', '2018-07-08 04:27:14'),
(7, 'tenggilis', 0.39794, '2018-07-08 02:32:58', '2018-07-08 04:27:15'),
(7, 'mejoyo', 0.221849, '2018-07-08 02:32:58', '2018-07-08 04:27:15'),
(7, 'layan', 0.309804, '2018-07-08 02:32:58', '2018-07-08 04:27:14'),
(7, 'bagai', 0.154902, '2018-07-08 02:32:58', '2018-07-08 04:27:13'),
(7, 'macam', 0.154902, '2018-07-08 02:32:58', '2018-07-08 04:27:15'),
(7, 'dengan', 0.522879, '2018-07-08 02:32:58', '2018-07-08 04:27:14'),
(7, 'sedia', 0.39794, '2018-07-08 02:32:58', '2018-07-08 04:27:15'),
(7, 'dokter', 0.443698, '2018-07-08 02:32:58', '2018-07-08 04:27:14'),
(7, 'yang', 0.39794, '2018-07-08 02:32:58', '2018-07-08 04:27:16'),
(7, 'kompeten', 0.522879, '2018-07-08 02:32:58', '2018-07-08 04:27:14'),
(7, 'di', 0.522879, '2018-07-08 02:32:58', '2018-07-08 04:27:14'),
(7, 'bidang', 0.522879, '2018-07-08 02:32:58', '2018-07-08 04:27:13'),
(7, 'serta', 0.522879, '2018-07-08 02:32:58', '2018-07-08 04:27:15'),
(7, 'dan', 0.39794, '2018-07-08 02:32:58', '2018-07-08 04:27:14'),
(7, 'konsultasi', 1, '2018-07-08 02:32:58', '2018-07-08 04:27:14'),
(7, 'langsung', 1, '2018-07-08 02:32:58', '2018-07-08 04:27:14'),
(7, 'beri', 1, '2018-07-08 02:32:58', '2018-07-08 04:27:13'),
(7, 'oleh', 1, '2018-07-08 02:32:58', '2018-07-08 04:27:15'),
(7, 'spesialis', 2.78558, '2018-07-08 02:32:58', '2018-07-08 04:27:15'),
(8, 'darmawan', 1, '2018-07-08 02:33:07', '2018-07-08 04:27:14'),
(8, 'dental', 1.04576, '2018-07-08 02:33:07', '2018-07-08 04:27:14'),
(8, 'cafe', 1, '2018-07-08 02:33:07', '2018-07-08 04:27:13'),
(8, 'jl', 0.09691, '2018-07-08 02:33:07', '2018-07-08 04:27:14'),
(8, 'rungkut', 0.137272, '2018-07-08 02:33:07', '2018-07-08 04:27:15'),
(8, 'asri', 0.69897, '2018-07-08 02:33:07', '2018-07-08 04:27:13'),
(8, 'utara', 0.69897, '2018-07-08 02:33:07', '2018-07-08 04:27:16'),
(8, 'ii', 0.69897, '2018-07-08 02:33:07', '2018-07-08 04:27:14'),
(8, 'no', 0, '2018-07-08 02:33:07', '2018-07-08 04:27:15'),
(8, '4', 1, '2018-07-08 02:33:07', '2018-07-08 04:27:16'),
(8, 'kali', 0.30103, '2018-07-08 02:33:07', '2018-07-08 04:27:14'),
(8, 'layan', 0.154902, '2018-07-08 02:33:07', '2018-07-08 04:27:14'),
(8, 'bagai', 0.154902, '2018-07-08 02:33:07', '2018-07-08 04:27:13'),
(8, 'macam', 0.154902, '2018-07-08 02:33:07', '2018-07-08 04:27:15'),
(8, 'treatment', 1, '2018-07-08 02:33:07', '2018-07-08 04:27:16'),
(8, 'pada', 1, '2018-07-08 02:33:07', '2018-07-08 04:27:15'),
(8, 'gigi', 1.20412, '2018-07-08 02:33:07', '2018-07-08 04:27:14'),
(9, 'puskesmas', 2, '2018-07-08 02:33:15', '2018-07-08 04:27:15'),
(9, 'kalirungkut', 0.522879, '2018-07-08 02:33:15', '2018-07-08 04:27:14'),
(9, 'rungkut', 0.137272, '2018-07-08 02:33:15', '2018-07-08 04:27:15'),
(9, 'no', 0, '2018-07-08 02:33:15', '2018-07-08 04:27:15'),
(9, '1', 0.522879, '2018-07-08 02:33:15', '2018-07-08 04:27:16'),
(9, 'kali', 0.30103, '2018-07-08 02:33:15', '2018-07-08 04:27:14'),
(9, 'layan', 0.154902, '2018-07-08 02:33:15', '2018-07-08 04:27:14'),
(9, 'bagai', 0.154902, '2018-07-08 02:33:15', '2018-07-08 04:27:13'),
(9, 'macam', 0.154902, '2018-07-08 02:33:15', '2018-07-08 04:27:15'),
(9, 'sakit', 0.39794, '2018-07-08 02:33:15', '2018-07-08 04:27:15'),
(9, 'dengan', 0.522879, '2018-07-08 02:33:15', '2018-07-08 04:27:14'),
(9, 'sedia', 0.39794, '2018-07-08 02:33:15', '2018-07-08 04:27:15'),
(9, 'dokter', 0.665546, '2018-07-08 02:33:15', '2018-07-08 04:27:14'),
(9, 'yang', 0.39794, '2018-07-08 02:33:15', '2018-07-08 04:27:16'),
(9, 'kompeten', 0.522879, '2018-07-08 02:33:15', '2018-07-08 04:27:14'),
(9, 'di', 0.522879, '2018-07-08 02:33:15', '2018-07-08 04:27:14'),
(9, 'bidang', 0.522879, '2018-07-08 02:33:15', '2018-07-08 04:27:13'),
(10, 'klinik', 0.522879, '2018-07-08 02:33:24', '2018-07-08 04:27:14'),
(10, 'mata', 3, '2018-07-08 02:33:24', '2018-07-08 04:27:15'),
(10, 'dr', 0.69897, '2018-07-08 02:33:24', '2018-07-08 04:27:14'),
(10, 'haryo', 1, '2018-07-08 02:33:24', '2018-07-08 04:27:14'),
(10, 'asri', 0.69897, '2018-07-08 02:33:24', '2018-07-08 04:27:13'),
(10, 'utara', 0.69897, '2018-07-08 02:33:24', '2018-07-08 04:27:16'),
(10, 'xiii', 1, '2018-07-08 02:33:24', '2018-07-08 04:27:16'),
(10, 'blok', 0.69897, '2018-07-08 02:33:24', '2018-07-08 04:27:13'),
(10, 'rl', 1, '2018-07-08 02:33:24', '2018-07-08 04:27:15'),
(10, 'ii', 0.69897, '2018-07-08 02:33:24', '2018-07-08 04:27:14'),
(10, 'j', 1, '2018-07-08 02:33:24', '2018-07-08 04:27:14'),
(10, 'no', 0, '2018-07-08 02:33:24', '2018-07-08 04:27:15'),
(10, '26', 1, '2018-07-08 02:33:24', '2018-07-08 04:27:16'),
(10, 'rungkut', 0.137272, '2018-07-08 02:33:24', '2018-07-08 04:27:15'),
(10, 'kali', 0.30103, '2018-07-08 02:33:24', '2018-07-08 04:27:14'),
(10, 'layan', 0.154902, '2018-07-08 02:33:24', '2018-07-08 04:27:14'),
(10, 'bagai', 0.154902, '2018-07-08 02:33:24', '2018-07-08 04:27:13'),
(10, 'macam', 0.154902, '2018-07-08 02:33:24', '2018-07-08 04:27:15'),
(10, 'sakit', 0.39794, '2018-07-08 02:33:24', '2018-07-08 04:27:15'),
(1, 'dokter', 0.443698, '2018-07-08 02:49:44', '2018-07-08 04:27:14'),
(1, 'umum', 0.522879, '2018-07-08 02:49:44', '2018-07-08 04:27:16'),
(1, 'gigi', 0.30103, '2018-07-08 02:49:55', '2018-07-08 04:27:14'),
(2, 'tidak', 1.04576, '2018-07-08 02:51:12', '2018-07-08 04:27:16'),
(2, 'milik', 1, '2018-07-08 02:51:12', '2018-07-08 04:27:15'),
(2, 'layan', 0.154902, '2018-07-08 02:51:12', '2018-07-08 04:27:14'),
(1, 'bpjs', 0.154902, '2018-07-08 02:59:40', '2018-07-08 04:27:13'),
(1, 'sehat', 0.154902, '2018-07-08 02:59:40', '2018-07-08 04:27:15'),
(2, 'terima', 0.522879, '2018-07-08 03:01:18', '2018-07-08 04:27:15'),
(2, 'asuransi', 0.522879, '2018-07-08 03:01:18', '2018-07-08 04:27:13'),
(1, 'alat', 0.39794, '2018-07-08 03:05:18', '2018-07-08 04:27:13'),
(1, 'standar', 0.39794, '2018-07-08 03:05:18', '2018-07-08 04:27:15'),
(2, 'tensimeter', 0.69897, '2018-07-08 03:06:29', '2018-07-08 04:27:15'),
(4, 'periksa', 1, '2018-07-08 03:21:49', '2018-07-08 04:27:15'),
(4, 'imunisasi', 3, '2018-07-08 03:21:55', '2018-07-08 04:27:14'),
(4, 'bayi', 1, '2018-07-08 03:21:55', '2018-07-08 04:27:13'),
(4, 'ibu', 1, '2018-07-08 03:22:05', '2018-07-08 04:27:14'),
(4, 'calon', 1, '2018-07-08 03:22:12', '2018-07-08 04:27:13'),
(4, 'pengantin', 1, '2018-07-08 03:22:12', '2018-07-08 04:27:15'),
(4, 'tindik', 1, '2018-07-08 03:22:23', '2018-07-08 04:27:16'),
(5, 'spesialis', 1.59176, '2018-07-08 03:26:44', '2018-07-08 04:27:15'),
(5, 'gigi', 0.30103, '2018-07-08 03:26:44', '2018-07-08 04:27:14'),
(5, 'dalam', 0.69897, '2018-07-08 03:26:53', '2018-07-08 04:27:13'),
(5, 'radiologi', 0.69897, '2018-07-08 03:27:01', '2018-07-08 04:27:15'),
(5, 'tht', 0.69897, '2018-07-08 03:27:10', '2018-07-08 04:27:16'),
(6, 'umum', 0.522879, '2018-07-08 03:30:54', '2018-07-08 04:27:16'),
(7, 'gigi', 0.30103, '2018-07-08 03:33:41', '2018-07-08 04:27:14'),
(7, 'kulit', 0.69897, '2018-07-08 03:33:51', '2018-07-08 04:27:14'),
(7, 'kelamin', 0.69897, '2018-07-08 03:34:01', '2018-07-08 04:27:14'),
(7, 'dalam', 0.69897, '2018-07-08 03:34:09', '2018-07-08 04:27:13'),
(7, 'radiologi', 0.69897, '2018-07-08 03:34:18', '2018-07-08 04:27:15'),
(7, 'tht', 0.69897, '2018-07-08 03:34:28', '2018-07-08 04:27:16'),
(8, 'implant', 1, '2018-07-08 03:38:59', '2018-07-08 04:27:14'),
(8, 'mutih', 1, '2018-07-08 03:39:10', '2018-07-08 04:27:15'),
(8, 'klinik', 0.522879, '2018-07-08 03:39:19', '2018-07-08 04:27:14'),
(8, 'anak', 1, '2018-07-08 03:39:19', '2018-07-08 04:27:13'),
(9, 'umum', 0.522879, '2018-07-08 03:40:48', '2018-07-08 04:27:16'),
(9, 'gigi', 0.30103, '2018-07-08 03:40:56', '2018-07-08 04:27:14'),
(9, 'laboratorium', 0.69897, '2018-07-08 03:41:05', '2018-07-08 04:27:14'),
(10, 'spesialis', 0.39794, '2018-07-08 03:42:57', '2018-07-08 04:27:15'),
(3, 'tidak', 0.522879, '2018-07-08 03:45:56', '2018-07-08 04:27:16'),
(3, 'terima', 0.522879, '2018-07-08 03:45:56', '2018-07-08 04:27:15'),
(3, 'asuransi', 0.522879, '2018-07-08 03:45:56', '2018-07-08 04:27:13'),
(4, 'bpjs', 0.154902, '2018-07-08 03:46:37', '2018-07-08 04:27:13'),
(4, 'sehat', 0.154902, '2018-07-08 03:46:37', '2018-07-08 04:27:15'),
(5, 'bpjs', 0.154902, '2018-07-08 03:47:33', '2018-07-08 04:27:13'),
(5, 'sehat', 0.154902, '2018-07-08 03:47:33', '2018-07-08 04:27:15'),
(6, 'terima', 0.522879, '2018-07-08 04:01:13', '2018-07-08 04:27:15'),
(6, 'asuransi', 0.522879, '2018-07-08 04:01:13', '2018-07-08 04:27:13'),
(7, 'bpjs', 0.154902, '2018-07-08 04:04:04', '2018-07-08 04:27:13'),
(7, 'sehat', 0.154902, '2018-07-08 04:04:04', '2018-07-08 04:27:15'),
(7, 'axa', 1, '2018-07-08 04:04:13', '2018-07-08 04:27:13'),
(7, 'life', 1, '2018-07-08 04:04:13', '2018-07-08 04:27:15'),
(8, 'bpjs', 0.154902, '2018-07-08 04:07:37', '2018-07-08 04:27:13'),
(8, 'sehat', 0.154902, '2018-07-08 04:07:37', '2018-07-08 04:27:15'),
(9, 'bpjs', 0.154902, '2018-07-08 04:08:04', '2018-07-08 04:27:13'),
(9, 'sehat', 0.154902, '2018-07-08 04:08:04', '2018-07-08 04:27:15'),
(10, 'bpjs', 0.154902, '2018-07-08 04:09:12', '2018-07-08 04:27:13'),
(10, 'sehat', 0.154902, '2018-07-08 04:09:12', '2018-07-08 04:27:15'),
(3, 'mikrodermabrasi', 0.69897, '2018-07-08 04:11:54', '2018-07-08 04:27:15'),
(4, 'inkubator', 0.69897, '2018-07-08 04:12:58', '2018-07-08 04:27:14'),
(4, 'fetoskop', 1, '2018-07-08 04:14:11', '2018-07-08 04:27:14'),
(4, 'tensimeter', 0.69897, '2018-07-08 04:16:42', '2018-07-08 04:27:15'),
(4, 'termometer', 1, '2018-07-08 04:17:14', '2018-07-08 04:27:16'),
(4, 'doppler', 1, '2018-07-08 04:18:15', '2018-07-08 04:27:14'),
(5, 'alat', 0.39794, '2018-07-08 04:18:46', '2018-07-08 04:27:13'),
(5, 'standar', 0.39794, '2018-07-08 04:18:46', '2018-07-08 04:27:15'),
(5, 'dental', 0.522879, '2018-07-08 04:19:14', '2018-07-08 04:27:14'),
(5, 'unit', 0.522879, '2018-07-08 04:19:14', '2018-07-08 04:27:16'),
(6, 'alat', 0.39794, '2018-07-08 04:22:45', '2018-07-08 04:27:13'),
(6, 'standar', 0.39794, '2018-07-08 04:22:45', '2018-07-08 04:27:15'),
(7, 'inkubator', 0.69897, '2018-07-08 04:23:49', '2018-07-08 04:27:14'),
(7, 'dental', 0.522879, '2018-07-08 04:24:22', '2018-07-08 04:27:14'),
(7, 'unit', 0.522879, '2018-07-08 04:24:22', '2018-07-08 04:27:16'),
(7, 'mikrodermabrasi', 0.69897, '2018-07-08 04:24:52', '2018-07-08 04:27:15'),
(8, 'unit', 0.522879, '2018-07-08 04:25:24', '2018-07-08 04:27:16'),
(9, 'alat', 0.39794, '2018-07-08 04:26:07', '2018-07-08 04:27:13'),
(9, 'standar', 0.39794, '2018-07-08 04:26:07', '2018-07-08 04:27:15'),
(10, 'oftalmoskop', 1, '2018-07-08 04:26:31', '2018-07-08 04:27:15'),
(10, 'keratometer', 1, '2018-07-08 04:27:06', '2018-07-08 04:27:14');

-- --------------------------------------------------------

--
-- Table structure for table `penyakit`
--

CREATE TABLE `penyakit` (
  `id` int(11) NOT NULL,
  `nama_penyakit` varchar(255) NOT NULL,
  `hapus` tinyint(4) NOT NULL,
  `created_at` timestamp NULL DEFAULT NULL,
  `updated_at` timestamp NULL DEFAULT NULL
) ENGINE=InnoDB DEFAULT CHARSET=utf8;

--
-- Dumping data for table `penyakit`
--

INSERT INTO `penyakit` (`id`, `nama_penyakit`, `hapus`, `created_at`, `updated_at`) VALUES
(1, 'Kontraksi', 0, '2018-06-09 23:08:45', '2018-06-10 00:24:46'),
(2, 'Gigi Hipersensitif', 0, '2018-06-22 23:41:48', '2018-06-22 23:41:48'),
(3, 'Gigi Karies', 0, '2018-06-22 23:42:17', '2018-06-23 06:08:56'),
(4, 'Pembengkakan Gusi', 0, '2018-06-22 23:55:29', '2018-06-22 23:55:29'),
(5, 'Infeksi', 0, '2018-06-23 01:29:42', '2018-06-23 01:29:42'),
(6, 'Diare', 0, '2018-06-23 01:30:31', '2018-06-23 01:30:31'),
(7, 'Hipertensi', 0, '2018-06-23 01:31:04', '2018-06-23 01:31:04'),
(8, 'Penyakit Kulit', 0, '2018-06-23 01:34:29', '2018-06-23 01:34:29'),
(9, 'Sifilis', 0, '2018-06-23 01:35:53', '2018-06-23 01:35:53'),
(10, 'Data Kosong', 0, '2018-06-23 01:39:25', '2018-06-23 01:39:25'),
(11, 'Gigi Berlubang', 0, '2018-06-23 06:06:48', '2018-06-23 06:06:48'),
(12, 'Gigi Palsu', 0, '2018-06-23 06:07:06', '2018-06-23 06:07:06'),
(13, 'Gigi Sensitif', 0, '2018-06-23 06:07:21', '2018-06-23 06:07:21'),
(14, 'Orthopedic', 0, '2018-06-23 22:36:16', '2018-06-23 22:36:16'),
(15, 'Jantung', 0, '2018-06-23 22:36:33', '2018-06-23 22:36:33'),
(16, 'Spesialis Penyakit Dalam', 0, '2018-06-23 22:37:30', '2018-06-23 22:37:30'),
(17, 'Phimosis', 0, '2018-06-24 06:30:12', '2018-06-24 06:30:12'),
(18, 'Varikokel', 0, '2018-06-24 06:30:21', '2018-06-24 06:30:21'),
(19, 'Hypospadias', 0, '2018-06-24 06:30:29', '2018-06-24 06:30:29');

-- --------------------------------------------------------

--
-- Table structure for table `peralatan`
--

CREATE TABLE `peralatan` (
  `id` int(11) NOT NULL,
  `nama_peralatan` varchar(255) NOT NULL,
  `hapus` tinyint(4) NOT NULL,
  `created_at` timestamp NULL DEFAULT NULL,
  `updated_at` timestamp NULL DEFAULT NULL
) ENGINE=InnoDB DEFAULT CHARSET=utf8;

--
-- Dumping data for table `peralatan`
--

INSERT INTO `peralatan` (`id`, `nama_peralatan`, `hapus`, `created_at`, `updated_at`) VALUES
(1, 'Inkubator', 0, '2018-06-09 02:00:32', '2018-06-09 02:07:59'),
(2, 'Fetoskop', 0, '2018-06-09 02:01:57', '2018-07-08 04:13:51'),
(3, 'Tensimeter', 0, '2018-06-10 02:12:21', '2018-06-10 02:21:28'),
(4, 'Termometer', 0, '2018-06-10 06:39:27', '2018-06-10 06:39:27'),
(5, 'Doppler', 0, '2018-06-10 06:40:03', '2018-06-10 06:40:03'),
(7, 'Peralatan Standar', 0, '2018-06-11 09:28:52', '2018-06-23 22:42:40'),
(8, 'Dental Unit', 0, '2018-06-23 06:14:01', '2018-06-23 06:14:01'),
(9, 'Timbangan', 0, '2018-06-24 05:54:59', '2018-06-24 05:54:59'),
(10, 'Mikrodermabrasi', 0, '2018-06-24 06:36:14', '2018-06-24 06:36:14'),
(11, 'Oftalmoskop', 0, '2018-06-24 08:08:57', '2018-06-24 08:11:20'),
(12, 'Keratometer', 0, '2018-06-24 08:12:29', '2018-06-24 08:12:29');

-- --------------------------------------------------------

--
-- Table structure for table `permissions`
--

CREATE TABLE `permissions` (
  `id` int(10) UNSIGNED NOT NULL,
  `name` varchar(191) COLLATE utf8mb4_unicode_ci NOT NULL,
  `guard_name` varchar(191) COLLATE utf8mb4_unicode_ci NOT NULL,
  `created_at` timestamp NULL DEFAULT NULL,
  `updated_at` timestamp NULL DEFAULT NULL
) ENGINE=InnoDB DEFAULT CHARSET=utf8mb4 COLLATE=utf8mb4_unicode_ci;

-- --------------------------------------------------------

--
-- Table structure for table `roles`
--

CREATE TABLE `roles` (
  `id` int(10) UNSIGNED NOT NULL,
  `name` varchar(191) COLLATE utf8mb4_unicode_ci NOT NULL,
  `guard_name` varchar(191) COLLATE utf8mb4_unicode_ci NOT NULL,
  `created_at` timestamp NULL DEFAULT NULL,
  `updated_at` timestamp NULL DEFAULT NULL
) ENGINE=InnoDB DEFAULT CHARSET=utf8mb4 COLLATE=utf8mb4_unicode_ci;

--
-- Dumping data for table `roles`
--

INSERT INTO `roles` (`id`, `name`, `guard_name`, `created_at`, `updated_at`) VALUES
(1, 'superadmin', 'web', '2018-06-05 11:52:47', '2018-06-05 11:52:47'),
(2, 'admin', 'web', '2018-06-05 11:52:53', '2018-06-05 11:52:53');

-- --------------------------------------------------------

--
-- Table structure for table `role_has_permissions`
--

CREATE TABLE `role_has_permissions` (
  `permission_id` int(10) UNSIGNED NOT NULL,
  `role_id` int(10) UNSIGNED NOT NULL
) ENGINE=InnoDB DEFAULT CHARSET=utf8mb4 COLLATE=utf8mb4_unicode_ci;

-- --------------------------------------------------------

--
-- Table structure for table `ulasan`
--

CREATE TABLE `ulasan` (
  `id` int(11) NOT NULL,
  `nama_pengguna` varchar(255) NOT NULL,
  `ulasan` varchar(255) NOT NULL,
  `rating_faskes` int(11) NOT NULL,
  `rating_layanan` int(11) NOT NULL,
  `hapus` tinyint(4) NOT NULL,
  `created_at` timestamp NULL DEFAULT NULL,
  `updated_at` timestamp NULL DEFAULT NULL,
  `faskes_id` int(11) NOT NULL
) ENGINE=InnoDB DEFAULT CHARSET=latin1;

--
-- Dumping data for table `ulasan`
--

INSERT INTO `ulasan` (`id`, `nama_pengguna`, `ulasan`, `rating_faskes`, `rating_layanan`, `hapus`, `created_at`, `updated_at`, `faskes_id`) VALUES
(1, 'Tifani Geovana', 'Pelayanan terbaik untuk mahasiswa ubaya maupun luar ubaya.', 5, 5, 0, '2018-06-10 02:34:10', '2018-06-21 23:56:25', 1),
(2, 'Stella Christy', 'Gratis, selama menjadi mahasiswa ubaya.', 4, 4, 0, '2018-06-10 02:37:33', '2018-06-21 23:57:19', 2),
(3, 'Fredrik Ariel Ornata', 'Ok, banyak macam-macam obat.', 5, 4, 0, '2018-06-10 02:38:38', '2018-06-10 02:49:33', 2),
(4, 'Agus Nur Fathoni', 'Bidan delima dengan fasilitas persalinan dan perawatan ibu hamil yang bagus, bersih dan memadai. Tersedia ruang perawatan dan ruang bersalin serta imunusasi pula.', 5, 5, 0, '2018-06-10 06:37:00', '2018-06-10 06:37:15', 4),
(5, 'Billie', 'Murah apalgi mahasiswa ubaya', 4, 4, 0, '2018-06-21 05:49:27', '2018-06-24 07:24:47', 2),
(6, 'Mega Melina Dewi', 'Obat lengkap. Gratis untuk mahasiswa & termasuk murah untuk umum. Fasilitas oke.', 4, 5, 0, '2018-06-21 03:47:56', '2018-06-21 23:56:33', 2),
(7, 'Annisa Putri Prasamantiaji', 'Pelayanan sangat baik dan tempat juga bersih.', 5, 5, 0, '2018-06-24 06:42:27', '2018-06-24 07:24:48', 3),
(8, 'Nurul Rahmawati', 'Klinik yang kerap jadi jujugan warga Rungkut dan srkitarnya.', 4, 4, 0, '2018-06-24 06:48:13', '2018-06-24 07:24:49', 5),
(9, 'Akas Asri', 'Obatnya murah, perawatnya ramah, pelayanan cekatan, dokternya ramah.', 4, 5, 0, '2018-06-24 07:26:17', '2018-06-24 07:26:48', 6),
(10, 'David L Hidajat', 'Lokasi strategis dari jalan raya. Area parkir luas tapi belum tertata rapi. Fasilitas lengkap dan memadai dengan harga kurang kompetitif dibanding rumah sakit lain.', 5, 4, 0, '2018-06-24 07:33:55', '2018-06-24 07:34:31', 7),
(11, 'Firdaus Asykar', 'Bagus Bersih Pelayanan nya Ramah... tempat duduk untuk ambil nomor antrian banyak', 4, 4, 0, '2018-06-24 07:35:22', '2018-06-24 07:35:28', 7),
(12, 'Budy W', 'Dokter muda, ramah dan teliti, penanganan sangat bagus rapi, recommend dah, sukses selalu dr darmawan. Makasih sdh menambal gigi saya.', 5, 5, 0, '2018-06-24 07:50:44', '2018-06-24 07:51:41', 8),
(13, 'Muhammad Aldhiansyah', 'Dokter mata yang baik, sangat ramah kepada pasien dan menjelaskan setiap masalah dengan cara termudah.', 5, 4, 0, '2018-06-24 07:56:41', '2018-06-24 07:56:50', 10),
(14, 'Fadchur Rachman', 'puskesmas yang terus berkembang akan tetapi jumlah dokter UMUM yang terbatas, tak sebanding dengan jumlah pasien UMUM nya.', 4, 3, 0, '2018-06-24 08:15:55', '2018-06-24 08:16:00', 9);

-- --------------------------------------------------------

--
-- Table structure for table `users`
--

CREATE TABLE `users` (
  `id` int(11) NOT NULL,
  `name` varchar(255) CHARACTER SET utf8mb4 COLLATE utf8mb4_unicode_ci NOT NULL,
  `email` varchar(255) CHARACTER SET utf8mb4 COLLATE utf8mb4_unicode_ci NOT NULL,
  `password` varchar(255) CHARACTER SET utf8mb4 COLLATE utf8mb4_unicode_ci NOT NULL,
  `akses` tinyint(4) NOT NULL COMMENT '0=superadmin & 1=admin',
  `remember_token` varchar(100) CHARACTER SET utf8mb4 COLLATE utf8mb4_unicode_ci DEFAULT NULL,
  `created_at` timestamp NULL DEFAULT NULL,
  `updated_at` timestamp NULL DEFAULT NULL
) ENGINE=InnoDB DEFAULT CHARSET=utf8;

--
-- Dumping data for table `users`
--

INSERT INTO `users` (`id`, `name`, `email`, `password`, `akses`, `remember_token`, `created_at`, `updated_at`) VALUES
(1, 'Admin', 'admin@thalamus.id', '$2y$10$vh4pQGOUZD1XIlbcNW6FKOQyvvtqS87GQhkMJaITJ5CeF5x/EZVQu', 0, '768XIkVsDkNIGprNpIfxZHF6AJ3SctCWtCAdCsEeZPYXSkOsRpcbOOG8cL3n', '2018-05-30 03:13:34', '2018-05-30 03:13:34'),
(2, 'Pengguna', 'pengguna@thalamus.id', '$2y$10$ThzQyJOaC0pqAOWVTL6VbeYzzeQlh0og09kBUGTjJbWylsfGNAoem', 0, 'VMiYseVSsLexbTkXTvF7Ce1iPSFBNKiY4n4TTOc0rZR2J0fIeaRZMItlJ7vH', '2018-05-30 03:14:18', '2018-05-30 03:14:18'),
(3, 'Ubaya', 'ubaya@thalamus.id', '$2y$10$svd2bczcaREb88MVqHgk6O5tS7X4HQaY6jPl9nl0yAaks4YN5.m36', 1, 'NiTY4XgK55JMxpZAuxZISBdevueXJd3hQPqdKMSkLCsraX3Q96W4duvBdQDP', '2018-06-05 07:00:58', '2018-06-05 07:00:58'),
(4, 'Viva Generik', 'viva@thalamus.id', '$2y$10$OJwdI/6F/Q4aQjD1cGM.jOgfST0FCFCw0PmsFa4SkcyI0GWDQyDNm', 1, 'OxPMHjdqZSslYErRxb41Cr6mC1JPpr7cCUN9mnxfu7QJXhPVXrEeUM3yzRcO', '2018-06-05 07:02:29', '2018-06-05 07:02:29');

--
-- Indexes for dumped tables
--

--
-- Indexes for table `asuransi`
--
ALTER TABLE `asuransi`
  ADD PRIMARY KEY (`id`);

--
-- Indexes for table `dokter`
--
ALTER TABLE `dokter`
  ADD PRIMARY KEY (`id`,`faskes_id`),
  ADD KEY `fk_dokter_faskes1_idx` (`faskes_id`);

--
-- Indexes for table `faskes`
--
ALTER TABLE `faskes`
  ADD PRIMARY KEY (`id`,`users_id`),
  ADD KEY `fk_faskes_users1_idx` (`users_id`);

--
-- Indexes for table `faskes_has_asuransi`
--
ALTER TABLE `faskes_has_asuransi`
  ADD PRIMARY KEY (`faskes_id`,`asuransi_id`),
  ADD KEY `fk_faskes_has_asuransi_asuransi1_idx` (`asuransi_id`),
  ADD KEY `fk_faskes_has_asuransi_faskes1_idx` (`faskes_id`);

--
-- Indexes for table `faskes_has_layanan`
--
ALTER TABLE `faskes_has_layanan`
  ADD PRIMARY KEY (`faskes_id`,`layanan_id`),
  ADD KEY `fk_faskes_has_layanan_layanan1_idx` (`layanan_id`),
  ADD KEY `fk_faskes_has_layanan_faskes1_idx` (`faskes_id`);

--
-- Indexes for table `faskes_has_penyakit_has_dokter`
--
ALTER TABLE `faskes_has_penyakit_has_dokter`
  ADD PRIMARY KEY (`faskes_id`,`penyakit_id`,`dokter_id`),
  ADD KEY `fk_faskes_has_penyakit_penyakit1_idx` (`penyakit_id`),
  ADD KEY `fk_faskes_has_penyakit_faskes1_idx` (`faskes_id`),
  ADD KEY `fk_faskes_has_penyakit_dokter1_idx` (`dokter_id`);

--
-- Indexes for table `faskes_has_peralatan`
--
ALTER TABLE `faskes_has_peralatan`
  ADD PRIMARY KEY (`faskes_id`,`peralatan_id`),
  ADD KEY `fk_faskes_has_peralatan_peralatan1_idx` (`peralatan_id`),
  ADD KEY `fk_faskes_has_peralatan_faskes1_idx` (`faskes_id`);

--
-- Indexes for table `layanan`
--
ALTER TABLE `layanan`
  ADD PRIMARY KEY (`id`);

--
-- Indexes for table `model_has_permissions`
--
ALTER TABLE `model_has_permissions`
  ADD PRIMARY KEY (`permission_id`,`model_id`,`model_type`),
  ADD KEY `model_has_permissions_model_id_model_type_index` (`model_id`,`model_type`);

--
-- Indexes for table `model_has_roles`
--
ALTER TABLE `model_has_roles`
  ADD PRIMARY KEY (`role_id`,`model_id`,`model_type`),
  ADD KEY `model_has_roles_model_id_model_type_index` (`model_id`,`model_type`);

--
-- Indexes for table `pencarian_tfidf`
--
ALTER TABLE `pencarian_tfidf`
  ADD KEY `fk_pencarian_tfidf_faskes1_idx` (`faskes_id`);

--
-- Indexes for table `penyakit`
--
ALTER TABLE `penyakit`
  ADD PRIMARY KEY (`id`);

--
-- Indexes for table `peralatan`
--
ALTER TABLE `peralatan`
  ADD PRIMARY KEY (`id`);

--
-- Indexes for table `permissions`
--
ALTER TABLE `permissions`
  ADD PRIMARY KEY (`id`);

--
-- Indexes for table `roles`
--
ALTER TABLE `roles`
  ADD PRIMARY KEY (`id`);

--
-- Indexes for table `role_has_permissions`
--
ALTER TABLE `role_has_permissions`
  ADD PRIMARY KEY (`permission_id`,`role_id`),
  ADD KEY `role_has_permissions_role_id_foreign` (`role_id`);

--
-- Indexes for table `ulasan`
--
ALTER TABLE `ulasan`
  ADD PRIMARY KEY (`id`,`faskes_id`),
  ADD KEY `fk_ulasan_faskes1_idx` (`faskes_id`);

--
-- Indexes for table `users`
--
ALTER TABLE `users`
  ADD PRIMARY KEY (`id`);

--
-- AUTO_INCREMENT for dumped tables
--

--
-- AUTO_INCREMENT for table `asuransi`
--
ALTER TABLE `asuransi`
  MODIFY `id` int(11) NOT NULL AUTO_INCREMENT, AUTO_INCREMENT=6;

--
-- AUTO_INCREMENT for table `dokter`
--
ALTER TABLE `dokter`
  MODIFY `id` int(11) NOT NULL AUTO_INCREMENT, AUTO_INCREMENT=21;

--
-- AUTO_INCREMENT for table `faskes`
--
ALTER TABLE `faskes`
  MODIFY `id` int(11) NOT NULL AUTO_INCREMENT, AUTO_INCREMENT=11;

--
-- AUTO_INCREMENT for table `layanan`
--
ALTER TABLE `layanan`
  MODIFY `id` int(11) NOT NULL AUTO_INCREMENT, AUTO_INCREMENT=22;

--
-- AUTO_INCREMENT for table `penyakit`
--
ALTER TABLE `penyakit`
  MODIFY `id` int(11) NOT NULL AUTO_INCREMENT, AUTO_INCREMENT=20;

--
-- AUTO_INCREMENT for table `peralatan`
--
ALTER TABLE `peralatan`
  MODIFY `id` int(11) NOT NULL AUTO_INCREMENT, AUTO_INCREMENT=13;

--
-- AUTO_INCREMENT for table `permissions`
--
ALTER TABLE `permissions`
  MODIFY `id` int(10) UNSIGNED NOT NULL AUTO_INCREMENT;

--
-- AUTO_INCREMENT for table `roles`
--
ALTER TABLE `roles`
  MODIFY `id` int(10) UNSIGNED NOT NULL AUTO_INCREMENT, AUTO_INCREMENT=3;

--
-- AUTO_INCREMENT for table `ulasan`
--
ALTER TABLE `ulasan`
  MODIFY `id` int(11) NOT NULL AUTO_INCREMENT, AUTO_INCREMENT=15;

--
-- AUTO_INCREMENT for table `users`
--
ALTER TABLE `users`
  MODIFY `id` int(11) NOT NULL AUTO_INCREMENT, AUTO_INCREMENT=5;

--
-- Constraints for dumped tables
--

--
-- Constraints for table `dokter`
--
ALTER TABLE `dokter`
  ADD CONSTRAINT `fk_dokter_faskes1` FOREIGN KEY (`faskes_id`) REFERENCES `faskes` (`id`) ON DELETE NO ACTION ON UPDATE NO ACTION;

--
-- Constraints for table `faskes`
--
ALTER TABLE `faskes`
  ADD CONSTRAINT `fk_faskes_users1` FOREIGN KEY (`users_id`) REFERENCES `users` (`id`) ON DELETE NO ACTION ON UPDATE NO ACTION;

--
-- Constraints for table `faskes_has_asuransi`
--
ALTER TABLE `faskes_has_asuransi`
  ADD CONSTRAINT `fk_faskes_has_asuransi_asuransi1` FOREIGN KEY (`asuransi_id`) REFERENCES `asuransi` (`id`) ON DELETE NO ACTION ON UPDATE NO ACTION,
  ADD CONSTRAINT `fk_faskes_has_asuransi_faskes1` FOREIGN KEY (`faskes_id`) REFERENCES `faskes` (`id`) ON DELETE NO ACTION ON UPDATE NO ACTION;

--
-- Constraints for table `faskes_has_layanan`
--
ALTER TABLE `faskes_has_layanan`
  ADD CONSTRAINT `fk_faskes_has_layanan_faskes1` FOREIGN KEY (`faskes_id`) REFERENCES `faskes` (`id`) ON DELETE NO ACTION ON UPDATE NO ACTION,
  ADD CONSTRAINT `fk_faskes_has_layanan_layanan1` FOREIGN KEY (`layanan_id`) REFERENCES `layanan` (`id`) ON DELETE NO ACTION ON UPDATE NO ACTION;

--
-- Constraints for table `faskes_has_penyakit_has_dokter`
--
ALTER TABLE `faskes_has_penyakit_has_dokter`
  ADD CONSTRAINT `fk_faskes_has_penyakit_dokter1` FOREIGN KEY (`dokter_id`) REFERENCES `dokter` (`id`) ON DELETE NO ACTION ON UPDATE NO ACTION,
  ADD CONSTRAINT `fk_faskes_has_penyakit_faskes1` FOREIGN KEY (`faskes_id`) REFERENCES `faskes` (`id`) ON DELETE NO ACTION ON UPDATE NO ACTION,
  ADD CONSTRAINT `fk_faskes_has_penyakit_penyakit1` FOREIGN KEY (`penyakit_id`) REFERENCES `penyakit` (`id`) ON DELETE NO ACTION ON UPDATE NO ACTION;

--
-- Constraints for table `faskes_has_peralatan`
--
ALTER TABLE `faskes_has_peralatan`
  ADD CONSTRAINT `fk_faskes_has_peralatan_faskes1` FOREIGN KEY (`faskes_id`) REFERENCES `faskes` (`id`) ON DELETE NO ACTION ON UPDATE NO ACTION,
  ADD CONSTRAINT `fk_faskes_has_peralatan_peralatan1` FOREIGN KEY (`peralatan_id`) REFERENCES `peralatan` (`id`) ON DELETE NO ACTION ON UPDATE NO ACTION;

--
-- Constraints for table `model_has_permissions`
--
ALTER TABLE `model_has_permissions`
  ADD CONSTRAINT `model_has_permissions_permission_id_foreign` FOREIGN KEY (`permission_id`) REFERENCES `permissions` (`id`) ON DELETE CASCADE;

--
-- Constraints for table `model_has_roles`
--
ALTER TABLE `model_has_roles`
  ADD CONSTRAINT `model_has_roles_role_id_foreign` FOREIGN KEY (`role_id`) REFERENCES `roles` (`id`) ON DELETE CASCADE;

--
-- Constraints for table `pencarian_tfidf`
--
ALTER TABLE `pencarian_tfidf`
  ADD CONSTRAINT `fk_pencarian_tfidf_faskes1` FOREIGN KEY (`faskes_id`) REFERENCES `faskes` (`id`) ON DELETE NO ACTION ON UPDATE NO ACTION;

--
-- Constraints for table `role_has_permissions`
--
ALTER TABLE `role_has_permissions`
  ADD CONSTRAINT `role_has_permissions_permission_id_foreign` FOREIGN KEY (`permission_id`) REFERENCES `permissions` (`id`) ON DELETE CASCADE,
  ADD CONSTRAINT `role_has_permissions_role_id_foreign` FOREIGN KEY (`role_id`) REFERENCES `roles` (`id`) ON DELETE CASCADE;

--
-- Constraints for table `ulasan`
--
ALTER TABLE `ulasan`
  ADD CONSTRAINT `fk_ulasan_faskes1` FOREIGN KEY (`faskes_id`) REFERENCES `faskes` (`id`) ON DELETE NO ACTION ON UPDATE NO ACTION;
COMMIT;

/*!40101 SET CHARACTER_SET_CLIENT=@OLD_CHARACTER_SET_CLIENT */;
/*!40101 SET CHARACTER_SET_RESULTS=@OLD_CHARACTER_SET_RESULTS */;
/*!40101 SET COLLATION_CONNECTION=@OLD_COLLATION_CONNECTION */;
